{"random_forest": {"mae": 14.874937500000001, "mse": 689.5124986237499, "rmse": 26.258570003405552, "accuracy": 0.0, "validation_samples": 8}, "gradient_boost": {"mae": 15.262234367275369, "mse": 577.8994649339945, "rmse": 24.039539615683044, "accuracy": 12.5, "validation_samples": 8}, "linear_regression": {"mae": 36.76495977176419, "mse": 1573.290841670048, "rmse": 39.66473044998602, "accuracy": 0.0, "validation_samples": 8}}